{"frameRate":24,"isGlobal":0,"armature":[{"animation":[{"playTimes":0,"bone":[{"translateFrame":[],"scaleFrame":[],"rotateFrame":[],"name":"root"}],"duration":20,"ik":[],"frame":[],"name":"1","slot":[{"displayFrame":[],"name":"doc405515639_575164101","colorFrame":[]},{"displayFrame":[],"name":"doc405515639_575164098","colorFrame":[{"duration":3,"curve":[1,0.0056893245258896235,1,1],"color":{"aM":50}},{"duration":3,"curve":[0,1.9673076923076922,0.8932584269662922,-1]},{"duration":6,"curve":[0,0.5596153846153845,1,0.5096153846153846],"color":{"aM":27}},{"duration":2,"curve":[0,0,0.008426966292134908,0.9942307692307693]},{"duration":3,"curve":[0,2,1,-0.8576923076923078],"color":{"aM":31}},{"duration":3,"curve":[0,0,0.008426966292134908,0.9942307692307693]},{"duration":0,"color":{"aM":50}}]},{"displayFrame":[],"name":"gen1","colorFrame":[]}],"ffd":[]},{"playTimes":0,"bone":[{"translateFrame":[],"scaleFrame":[],"rotateFrame":[],"name":"root"}],"duration":0,"ik":[],"frame":[],"name":"0","slot":[{"displayFrame":[],"name":"doc405515639_575164101","colorFrame":[]},{"displayFrame":[],"name":"doc405515639_575164098","colorFrame":[{"duration":0,"color":{"aM":0}}]},{"displayFrame":[],"name":"gen1","colorFrame":[]}],"ffd":[]}],"skin":[{"name":"","slot":[{"display":[{"path":"doc405515639_575164101","type":"image","name":"doc405515639_575164101","transform":{}}],"name":"doc405515639_575164101"},{"display":[{"width":507,"triangles":[1,0,3,0,2,3],"type":"mesh","vertices":[-253.5,-310.5,253.5,-310.5,-253.5,310.5,253.5,310.5],"transform":{},"height":621,"userEdges":[],"path":"doc405515639_575164098","uvs":[0,0,1,0,0,1,1,1],"name":"doc405515639_575164098","edges":[0,1,1,3,3,2,2,0]}],"name":"doc405515639_575164098"},{"display":[{"path":"gen1","type":"image","name":"gen1","transform":{}}],"name":"gen1"}]}],"type":"Armature","name":"Armature","defaultActions":[{"gotoAndPlay":"1"}],"slot":[{"name":"doc405515639_575164101","parent":"root","color":{}},{"z":1,"name":"doc405515639_575164098","parent":"root","color":{}},{"z":2,"name":"gen1","parent":"root","color":{}}],"aabb":{"width":507,"y":-310.5,"height":621,"x":-253.5},"bone":[{"name":"root","transform":{}}],"frameRate":24,"ik":[]}],"name":"Krutilka_huilka","version":"5.5"}