{"width":1024,"SubTexture":[{"width":492,"y":1,"height":258,"name":"gen3_auto/ten","x":495},{"width":492,"y":1,"height":558,"name":"gen3_auto/baza","x":1},{"width":102,"y":488,"height":173,"name":"gen3_auto/molnia1","x":808},{"width":222,"y":488,"height":284,"name":"gen3_auto/molnia_svet1","x":584},{"width":238,"y":774,"height":105,"name":"gen3_auto/molnia2","x":584},{"width":346,"y":261,"height":225,"name":"gen3_auto/molnia_svet2","x":495},{"width":581,"y":561,"height":443,"name":"gen3_auto/svet_shari","x":1},{"width":119,"y":663,"height":90,"name":"gen3_auto/svet1","x":808},{"width":97,"y":755,"height":64,"name":"gen3_auto/chel1","x":912},{"width":48,"y":821,"height":122,"name":"gen3_auto/chel2","x":929}],"height":1024,"name":"Stancia_3","imagePath":"Stancia_3_tex.png"}