{"frameRate":24,"armature":[{"defaultActions":[{"gotoAndPlay":"0"}],"animation":[{"ffd":[{"frame":[{"curve":[0.8764044943820225,-0.8711538461538462,0.06179775280898875,1.9346153846153846],"offset":0,"vertices":[-0.4,27.8,-7.1,-10.9,-0.85,17.65,0,0],"duration":10},{"curve":[0.8764044943820225,-0.8711538461538462,0.06179775280898875,1.9346153846153846],"offset":0,"vertices":[],"duration":10},{"offset":0,"tweenEasing":null,"vertices":[-0.4,27.8,-7.1,-10.9,-0.85,17.65,0,0],"duration":0}],"scale":1,"offset":0,"slot":"chel1","name":"gen3_auto/chel1","skin":""},{"frame":[{"curve":[0.8764044943820225,-0.8711538461538462,0.06179775280898875,1.9346153846153846],"offset":0,"vertices":[],"duration":3},{"curve":[0.8764044943820225,-0.8711538461538462,0.06179775280898875,1.9346153846153846],"offset":0,"vertices":[-2.7,16,-2.7,16,0,0,0,0],"duration":4},{"curve":[0.8764044943820225,-0.8711538461538462,0.06179775280898875,1.9346153846153846],"offset":0,"vertices":[],"duration":3},{"curve":[0.8764044943820225,-0.8711538461538462,0.06179775280898875,1.9346153846153846],"offset":0,"vertices":[-2.7,16,-2.7,16,0,0,0,0],"duration":3},{"curve":[0.8764044943820225,-0.8711538461538462,0.06179775280898875,1.9346153846153846],"offset":0,"vertices":[],"duration":4},{"curve":[0.8764044943820225,-0.8711538461538462,0.06179775280898875,1.9346153846153846],"offset":0,"vertices":[-2.7,16,-2.7,16,0,0,0,0],"duration":3},{"offset":0,"tweenEasing":null,"vertices":[],"duration":0}],"scale":1,"offset":0,"slot":"chel2","name":"gen3_auto/chel2","skin":""}],"frame":[],"slot":[{"colorFrame":[],"displayFrame":[],"name":"ten"},{"colorFrame":[],"displayFrame":[],"name":"baza"},{"colorFrame":[{"curve":[0.5,0,0.5,1],"color":{"aM":0},"duration":2},{"curve":[0.5,0,0.5,1],"color":{"aM":0},"duration":2},{"curve":[0.5,0,0.5,1],"duration":2},{"curve":[0.5,0,0.5,1],"duration":2},{"color":{"aM":0},"duration":12}],"displayFrame":[],"name":"molnia1"},{"colorFrame":[{"curve":[0.5,0,0.5,1],"color":{"aM":0},"duration":2},{"curve":[0.5,0,0.5,1],"duration":2},{"curve":[0.5,0,0.5,1],"duration":2},{"curve":[0.5,0,0.5,1],"color":{"aM":0},"duration":14},{"color":{"aM":0},"duration":0}],"displayFrame":[],"name":"molnia_svet1"},{"colorFrame":[{"curve":[0.5,0,0.5,1],"color":{"aM":0},"duration":10},{"curve":[0.5,0,0.5,1],"color":{"aM":0},"duration":2},{"curve":[0.5,0,0.5,1],"duration":2},{"curve":[0.5,0,0.5,1],"duration":2},{"curve":[0.5,0,0.5,1],"color":{"aM":52},"duration":2},{"curve":[0.5,0,0.5,1],"color":{"aM":0},"duration":2},{"color":{"aM":0},"duration":0}],"displayFrame":[],"name":"molnia2"},{"colorFrame":[{"curve":[0.5,0,0.5,1],"color":{"aM":0},"duration":8},{"curve":[0.5,0,0.5,1],"color":{"aM":0},"duration":2},{"curve":[0.5,0,0.5,1],"duration":4},{"curve":[0.5,0,0.5,1],"duration":2},{"curve":[0.5,0,0.5,1],"color":{"aM":0},"duration":4},{"color":{"aM":0},"duration":0}],"displayFrame":[],"name":"molnia_svet2"},{"colorFrame":[{"curve":[0.5,0,0.5,1],"duration":4},{"curve":[0.5,0,0.5,1],"color":{"aM":0},"duration":4},{"curve":[0.5,0,0.5,1],"duration":6},{"curve":[0.5,0,0.5,1],"color":{"aM":0},"duration":6},{"duration":0}],"displayFrame":[],"name":"svet_shari"},{"colorFrame":[{"tweenEasing":0,"duration":2},{"tweenEasing":0,"duration":2},{"tweenEasing":0,"color":{"aM":60},"duration":3},{"tweenEasing":0,"duration":1},{"tweenEasing":0,"color":{"aM":92},"duration":6},{"tweenEasing":0,"color":{"aM":48},"duration":3},{"tweenEasing":0,"duration":3},{"duration":0}],"displayFrame":[],"name":"svet1"},{"colorFrame":[],"displayFrame":[],"name":"chel1"},{"colorFrame":[],"displayFrame":[],"name":"chel2"}],"duration":20,"ik":[],"bone":[{"translateFrame":[],"scaleFrame":[],"name":"root","rotateFrame":[]}],"playTimes":0,"name":"0"},{"ffd":[{"frame":[{"curve":[0.5,0,0.5,1],"offset":0,"vertices":[90.45,219.7,2.8,316.85,-9.75,-1.75,-121.05,100.7],"duration":20},{"offset":0,"tweenEasing":null,"vertices":[90.45,219.7,2.8,316.85,-9.75,-1.75,-121.05,100.7],"duration":0}],"scale":1,"offset":0,"slot":"molnia1","name":"gen3_auto/molnia1","skin":""},{"frame":[{"curve":[0.5,0,0.5,1],"offset":0,"vertices":[192.4,239.45,-40.85,441.3,13.55,-119.75,-222.6,89.7],"duration":20},{"offset":0,"tweenEasing":null,"vertices":[192.4,239.45,-40.85,441.3,13.55,-119.75,-222.6,89.7],"duration":0}],"scale":1,"offset":0,"slot":"molnia_svet1","name":"gen3_auto/molnia_svet1","skin":""},{"frame":[{"curve":[0.5,0,0.5,1],"offset":0,"vertices":[315.1,367.95,21.45,32.45,201.2,281.1,-28.7,-41.5],"duration":20},{"offset":0,"tweenEasing":null,"vertices":[315.1,367.95,21.45,32.45,201.2,281.1,-28.7,-41.5],"duration":0}],"scale":1,"offset":0,"slot":"molnia2","name":"gen3_auto/molnia2","skin":""},{"frame":[{"curve":[0.5,0,0.5,1],"offset":0,"vertices":[424.45,504,12.95,-26.15,210.3,237.2,-165.85,-184.7],"duration":20},{"offset":0,"tweenEasing":null,"vertices":[424.45,504,12.95,-26.15,210.3,237.2,-165.85,-184.7],"duration":0}],"scale":1,"offset":0,"slot":"molnia_svet2","name":"gen3_auto/molnia_svet2","skin":""},{"frame":[{"curve":[0.5365168539325843,-0.5192307692307692,0.32303370786516855,1.9346153846153846],"offset":0,"vertices":[-11.9,16.1,-5.1,3.4,7.65,-7.65,14.45,-17.85],"duration":11},{"curve":[0.5365168539325843,-0.5192307692307692,0.32303370786516855,1.9346153846153846],"offset":0,"vertices":[-11.9,16.1,-5.1,3.4,7.65,-7.65,14.45,-17.85],"duration":1},{"curve":[0.5365168539325843,-0.5192307692307692,0.32303370786516855,1.9346153846153846],"offset":0,"vertices":[-8,16.5,-10.9,2.2,10.75,-6.55,15.15,-20.95],"duration":2},{"curve":[0.5365168539325843,-0.5192307692307692,0.32303370786516855,1.9346153846153846],"offset":0,"vertices":[-11.9,16.1,-5.1,3.4,7.65,-7.65,14.45,-17.85],"duration":6},{"offset":0,"tweenEasing":null,"vertices":[-11.9,16.1,-5.1,3.4,7.65,-7.65,14.45,-17.85],"duration":0}],"scale":1,"offset":0,"slot":"chel1","name":"gen3_auto/chel1","skin":""},{"frame":[{"curve":[0.6320224719101123,-0.8192307692307692,0.32865168539325845,1.6865384615384618],"offset":0,"vertices":[29.65,82.45,19.4,99.4,-21.5,14.25,-38.25,23.35],"duration":3},{"curve":[0.6320224719101123,-0.8192307692307692,0.32865168539325845,1.6865384615384618],"offset":0,"vertices":[29.65,82.45,19.4,99.4,-21.5,14.25,-38.25,23.35],"duration":1},{"curve":[0.6320224719101123,-0.8192307692307692,0.32865168539325845,1.6865384615384618],"offset":0,"vertices":[28.15,76.5,11.45,95.8,-22.25,11.3,-41.2,20.4],"duration":2},{"curve":[0.6320224719101123,-0.8192307692307692,0.32865168539325845,1.6865384615384618],"offset":0,"vertices":[29.65,82.45,19.4,99.4,-21.5,14.25,-38.25,23.35],"duration":14},{"offset":0,"tweenEasing":null,"vertices":[29.65,82.45,19.4,99.4,-21.5,14.25,-38.25,23.35],"duration":0}],"scale":1,"offset":0,"slot":"chel2","name":"gen3_auto/chel2","skin":""}],"frame":[],"slot":[{"colorFrame":[],"displayFrame":[],"name":"ten"},{"colorFrame":[],"displayFrame":[],"name":"baza"},{"colorFrame":[{"curve":[0.5,0,0.5,1],"color":{"bM":0,"gM":0,"aM":0},"duration":2},{"curve":[0.5,0,0.5,1],"color":{"bM":0,"gM":0,"aM":0},"duration":2},{"curve":[0.5,0,0.5,1],"color":{"bM":0,"gM":0},"duration":4},{"curve":[0.5,0,0.5,1],"color":{"bM":0,"gM":0,"aM":0},"duration":12},{"color":{"bM":0,"gM":0,"aM":0},"duration":0}],"displayFrame":[],"name":"molnia1"},{"colorFrame":[{"curve":[0.5,0,0.5,1],"color":{"bM":0,"gM":0,"aM":0},"duration":2},{"curve":[0.5,0,0.5,1],"color":{"bM":0,"gM":0},"duration":2},{"curve":[0.5,0,0.5,1],"color":{"bM":0,"gM":0},"duration":2},{"curve":[0.5,0,0.5,1],"color":{"bM":0,"gM":0,"aM":0},"duration":14},{"color":{"bM":0,"gM":0,"aM":0},"duration":0}],"displayFrame":[],"name":"molnia_svet1"},{"colorFrame":[{"curve":[0.5,0,0.5,1],"color":{"bM":0,"gM":0,"aM":0},"duration":10},{"curve":[0.5,0,0.5,1],"color":{"bM":0,"gM":0,"aM":0},"duration":2},{"curve":[0.5,0,0.5,1],"color":{"bM":0,"gM":0},"duration":4},{"curve":[0.5,0,0.5,1],"color":{"bM":0,"gM":0,"aM":0},"duration":4},{"color":{"bM":0,"gM":0,"aM":0},"duration":0}],"displayFrame":[],"name":"molnia2"},{"colorFrame":[{"curve":[0.5,0,0.5,1],"color":{"bM":0,"gM":0,"aM":0},"duration":8},{"curve":[0.5,0,0.5,1],"color":{"bM":0,"gM":0,"aM":0},"duration":2},{"curve":[0.5,0,0.5,1],"color":{"bM":0,"gM":0},"duration":2},{"curve":[0.5,0,0.5,1],"color":{"bM":0,"gM":0},"duration":2},{"curve":[0.5,0,0.5,1],"color":{"bM":0,"gM":0,"aM":0},"duration":6},{"color":{"bM":0,"gM":0,"aM":0},"duration":0}],"displayFrame":[],"name":"molnia_svet2"},{"colorFrame":[{"curve":[0.5,0,0.5,1],"color":{"bM":0,"gM":0},"duration":10},{"curve":[0.5,0,0.5,1],"color":{"bM":0,"gM":93,"aM":60},"duration":10},{"color":{"bM":0,"gM":0},"duration":0}],"displayFrame":[],"name":"svet_shari"},{"colorFrame":[{"curve":[0.5,0,0.5,1],"color":{"bM":0,"gM":0},"duration":10},{"curve":[0.5,0,0.5,1],"color":{"bM":0,"gM":0,"aM":67},"duration":10},{"color":{"bM":0,"gM":0},"duration":0}],"displayFrame":[],"name":"svet1"},{"colorFrame":[{"curve":[0.5,0,0.5,1],"color":{"rM":11,"bM":11,"gM":11},"duration":20},{"color":{"rM":11,"bM":11,"gM":11},"duration":0}],"displayFrame":[],"name":"chel1"},{"colorFrame":[{"curve":[0.5,0,0.5,1],"color":{"rM":16,"bM":16,"gM":16},"duration":20},{"color":{"rM":16,"bM":16,"gM":16},"duration":0}],"displayFrame":[],"name":"chel2"}],"duration":20,"ik":[],"bone":[{"translateFrame":[],"scaleFrame":[],"name":"root","rotateFrame":[]}],"playTimes":0,"name":"1"}],"type":"Armature","name":"Armature","aabb":{"width":581,"y":-310.5,"height":584,"x":-298.5},"bone":[{"name":"root","transform":{}}],"slot":[{"color":{},"name":"ten","parent":"root"},{"z":1,"color":{},"name":"baza","parent":"root"},{"z":2,"color":{},"name":"molnia1","parent":"root"},{"z":3,"color":{},"name":"molnia_svet1","parent":"root"},{"z":4,"color":{},"name":"molnia2","parent":"root"},{"z":5,"color":{},"name":"molnia_svet2","parent":"root"},{"z":6,"color":{},"name":"svet_shari","parent":"root"},{"z":7,"color":{},"name":"svet1","parent":"root"},{"z":8,"color":{},"name":"chel1","parent":"root"},{"z":9,"color":{},"name":"chel2","parent":"root"}],"ik":[],"frameRate":24,"skin":[{"slot":[{"display":[{"triangles":[1,0,3,0,2,3],"width":222,"type":"mesh","vertices":[-111,-142,111,-142,-111,142,111,142],"transform":{"y":-77.5,"x":-36.5},"uvs":[0,0,1,0,0,1,1,1],"path":"gen3_auto/molnia_svet1","userEdges":[],"height":284,"name":"gen3_auto/molnia_svet1","edges":[0,1,1,3,3,2,2,0]}],"name":"molnia_svet1"},{"display":[{"triangles":[1,0,3,0,2,3],"width":102,"type":"mesh","vertices":[-51,-86.5,51,-86.5,-51,86.5,51,86.5],"transform":{"y":-76,"x":-40.5},"uvs":[0,0,1,0,0,1,1,1],"path":"gen3_auto/molnia1","userEdges":[],"height":173,"name":"gen3_auto/molnia1","edges":[0,1,1,3,3,2,2,0]}],"name":"molnia1"},{"display":[{"triangles":[1,0,3,0,2,3],"width":581,"type":"mesh","vertices":[-290.5,-221.5,290.5,-221.5,-290.5,221.5,290.5,221.5],"transform":{"y":-32,"x":-8},"uvs":[0,0,1,0,0,1,1,1],"path":"gen3_auto/svet_shari","userEdges":[],"height":443,"name":"gen3_auto/svet_shari","edges":[0,1,1,3,3,2,2,0]}],"name":"svet_shari"},{"display":[{"triangles":[1,0,3,0,2,3],"width":346,"type":"mesh","vertices":[-173,-112.5,173,-112.5,-173,112.5,173,112.5],"transform":{"y":-109,"x":-1.5},"uvs":[0,0,1,0,0,1,1,1],"path":"gen3_auto/molnia_svet2","userEdges":[],"height":225,"name":"gen3_auto/molnia_svet2","edges":[0,1,1,3,3,2,2,0]}],"name":"molnia_svet2"},{"display":[{"triangles":[1,0,3,0,2,3],"width":238,"type":"mesh","vertices":[-119,-52.5,119,-52.5,-119,52.5,119,52.5],"transform":{"y":-108,"x":-8.5},"uvs":[0,0,1,0,0,1,1,1],"path":"gen3_auto/molnia2","userEdges":[],"height":105,"name":"gen3_auto/molnia2","edges":[0,1,1,3,3,2,2,0]}],"name":"molnia2"},{"display":[{"path":"gen3_auto/baza","type":"image","name":"gen3_auto/baza","transform":{"y":-12.5,"x":-2.5}}],"name":"baza"},{"display":[{"triangles":[1,0,3,0,2,3],"width":97,"type":"mesh","vertices":[-48.5,-32,48.5,-32,-48.5,32,48.5,32],"transform":{"y":227.5,"x":115},"uvs":[0,0,1,0,0,1,1,1],"path":"gen3_auto/chel1","userEdges":[],"height":64,"name":"gen3_auto/chel1","edges":[0,1,1,3,3,2,2,0]}],"name":"chel1"},{"display":[{"path":"gen3_auto/ten","type":"image","name":"gen3_auto/ten","transform":{"y":144.5,"x":1.5}}],"name":"ten"},{"display":[{"triangles":[1,0,3,0,2,3],"width":48,"type":"mesh","vertices":[-24,-61,24,-61,-24,61,24,61],"transform":{"y":77.5,"x":15.5},"uvs":[0,0,1,0,0,1,1,1],"path":"gen3_auto/chel2","userEdges":[],"height":122,"name":"gen3_auto/chel2","edges":[0,1,1,3,3,2,2,0]}],"name":"chel2"},{"display":[{"triangles":[1,0,3,0,2,3],"width":119,"type":"mesh","vertices":[-59.5,-45,59.5,-45,-59.5,45,59.5,45],"transform":{"y":-265.5,"x":150},"uvs":[0,0,1,0,0,1,1,1],"path":"gen3_auto/svet1","userEdges":[],"height":90,"name":"gen3_auto/svet1","edges":[0,1,1,3,3,2,2,0]}],"name":"svet1"}],"name":""}]}],"name":"Stancia_3","version":"5.5","isGlobal":0}