{"frameRate":24,"armature":[{"defaultActions":[{"gotoAndPlay":"0"}],"animation":[{"ffd":[{"frame":[{"curve":[0,0,0.5,1],"offset":0,"vertices":[],"duration":4},{"curve":[0,0,0.5,1],"offset":0,"vertices":[-27.75,4.1,-29.15,-6.2,-8.9,0.7,-8.9,0.7],"duration":10},{"curve":[0,0,0.5,1],"offset":0,"vertices":[-27.75,4.1,-29.15,-6.2,-8.9,0.7,-8.9,0.7],"duration":4},{"curve":[0,0,0.5,1],"offset":0,"vertices":[],"duration":2},{"offset":0,"tweenEasing":null,"vertices":[],"duration":0}],"scale":1,"offset":0,"slot":"chel1","name":"gen2_auto/chel1","skin":""},{"frame":[{"curve":[0,0,0.5,1],"offset":0,"vertices":[],"duration":7},{"curve":[0,0,0.5,1],"offset":0,"vertices":[6.15,1.35,6.15,1.35,0,0,0,0],"duration":4},{"curve":[0,0,0.5,1],"offset":0,"vertices":[4.26,-9.97,4.26,-9.97,0.7,-12.3,0.7,-12.3],"duration":4},{"curve":[0,0,0.5,1],"offset":0,"vertices":[6.15,1.35,6.15,1.35,0,0,0,0],"duration":5},{"offset":0,"tweenEasing":null,"vertices":[],"duration":0}],"scale":1,"offset":0,"slot":"chel1_觐镨","name":"gen2_auto/chel1_觐镨","skin":""}],"frame":[],"slot":[{"colorFrame":[],"displayFrame":[],"name":"ten"},{"colorFrame":[],"displayFrame":[],"name":"baza"},{"colorFrame":[],"displayFrame":[],"name":"lampi_blue"},{"colorFrame":[{"curve":[0.5,0,0.5,1],"color":{"rM":0},"duration":2},{"curve":[0.5,0,0.5,1],"color":{"rM":0},"duration":5},{"curve":[0.5,0,0.5,1],"color":{"rM":0,"aM":54},"duration":5},{"curve":[0.5,0,0.5,1],"color":{"rM":0},"duration":5},{"curve":[0.5,0,0.5,1],"color":{"rM":0,"aM":54},"duration":3},{"color":{"rM":0,"aM":85},"duration":0}],"displayFrame":[],"name":"svet5b"},{"colorFrame":[{"curve":[0.5,0,0.5,1],"color":{"rM":0},"duration":5},{"curve":[0.5,0,0.5,1],"color":{"rM":0,"aM":46},"duration":5},{"curve":[0.5,0,0.5,1],"color":{"rM":0},"duration":5},{"curve":[0.5,0,0.5,1],"color":{"rM":0,"aM":46},"duration":5},{"color":{"rM":0},"duration":0}],"displayFrame":[],"name":"svet4b"},{"colorFrame":[{"curve":[0.5,0,0.5,1],"color":{"rM":0,"aM":52},"duration":4},{"curve":[0.5,0,0.5,1],"color":{"rM":0,"aM":52},"duration":5},{"curve":[0.5,0,0.5,1],"color":{"rM":0},"duration":5},{"curve":[0.5,0,0.5,1],"color":{"rM":0,"aM":52},"duration":5},{"curve":[0.5,0,0.5,1],"color":{"rM":0},"duration":1},{"color":{"rM":0,"aM":96},"duration":0}],"displayFrame":[],"name":"svet3b"},{"colorFrame":[{"curve":[0.5,0,0.5,1],"color":{"rM":0,"aM":48},"duration":2},{"curve":[0.5,0,0.5,1],"color":{"rM":0,"aM":48},"duration":5},{"curve":[0.5,0,0.5,1],"color":{"rM":0},"duration":5},{"curve":[0.5,0,0.5,1],"color":{"rM":0,"aM":48},"duration":5},{"curve":[0.5,0,0.5,1],"color":{"rM":0},"duration":3},{"color":{"rM":0,"aM":64},"duration":0}],"displayFrame":[],"name":"svet2b"},{"colorFrame":[{"curve":[0.5,0,0.5,1],"color":{"rM":0,"aM":50},"duration":5},{"curve":[0.5,0,0.5,1],"color":{"rM":0},"duration":5},{"curve":[0.5,0,0.5,1],"color":{"rM":0,"aM":50},"duration":5},{"curve":[0.5,0,0.5,1],"color":{"rM":0},"duration":5},{"color":{"rM":0,"aM":50},"duration":0}],"displayFrame":[],"name":"svet1b"},{"colorFrame":[],"displayFrame":[],"name":"chel1"},{"colorFrame":[],"displayFrame":[],"name":"chel1_觐镨"},{"colorFrame":[{"color":{"aM":0},"duration":20}],"displayFrame":[],"name":"gen1_auto_dim"}],"duration":20,"ik":[],"bone":[{"translateFrame":[],"scaleFrame":[],"name":"root","rotateFrame":[]}],"playTimes":0,"name":"0"},{"ffd":[{"frame":[{"curve":[1,-0.9916434540389972,0,1.9647696476964769],"offset":0,"vertices":[],"duration":4},{"curve":[1,-0.9916434540389972,0,1.9647696476964769],"offset":0,"vertices":[-31.75,0,-31.75,0,-31.75,0,-31.75,0],"duration":1},{"curve":[1,-0.9916434540389972,0,1.9647696476964769],"offset":0,"vertices":[23.17,0,-77.93,0,23.17,0,-77.93,0],"duration":3},{"curve":[1,-0.9916434540389972,0,1.9647696476964769],"offset":0,"vertices":[43.5,0,-50.9,0,43.5,0,-50.9,0],"duration":1},{"curve":[1,-0.9916434540389972,0,1.9647696476964769],"offset":0,"vertices":[],"duration":6},{"curve":[1,-0.9916434540389972,0,1.9647696476964769],"offset":0,"vertices":[-31.75,0,-31.75,0,-31.75,0,-31.75,0],"duration":1},{"curve":[1,-0.9916434540389972,0,1.9647696476964769],"offset":0,"vertices":[23.17,0,-77.93,0,23.17,0,-77.93,0],"duration":3},{"curve":[1,-0.9916434540389972,0,1.9647696476964769],"offset":0,"vertices":[43.5,0,-50.9,0,43.5,0,-50.9,0],"duration":1},{"offset":0,"tweenEasing":null,"vertices":[],"duration":0}],"scale":1,"offset":0,"slot":"chel1","name":"gen2_auto/chel1","skin":""},{"frame":[{"curve":[1,-0.9916434540389972,0,1.9647696476964769],"offset":0,"vertices":[],"duration":6},{"curve":[1,-0.9916434540389972,0,1.9647696476964769],"offset":0,"vertices":[11.65,-7.6,0,0,0,0,11.65,-7.6],"duration":5},{"curve":[1,-0.9916434540389972,0,1.9647696476964769],"offset":0,"vertices":[-3.31,5.56,0,0,0,0,-3.31,5.56],"duration":6},{"curve":[1,-0.9916434540389972,0,1.9647696476964769],"offset":0,"vertices":[-1.1,1.85,-3.85,-3,-3.85,-3,-1.1,1.85],"duration":3},{"offset":0,"tweenEasing":null,"vertices":[],"duration":0}],"scale":1,"offset":0,"slot":"chel1_觐镨","name":"gen2_auto/chel1_觐镨","skin":""},{"frame":[{"curve":[0,0,0.5,1],"offset":0,"vertices":[],"duration":10},{"curve":[0,0,0.5,1],"offset":0,"vertices":[95.85,0,-2.15,-107.1,-6,6.95,95.85,0],"duration":10},{"offset":0,"tweenEasing":null,"vertices":[],"duration":0}],"scale":1,"offset":0,"slot":"gen1_auto_dim","name":"gen1_auto_dim","skin":""}],"frame":[],"slot":[{"colorFrame":[],"displayFrame":[],"name":"ten"},{"colorFrame":[],"displayFrame":[],"name":"baza"},{"colorFrame":[],"displayFrame":[],"name":"lampi_blue"},{"colorFrame":[{"curve":[0.5,0,0.5,1],"color":{"bM":0,"gM":0},"duration":2},{"curve":[0.5,0,0.5,1],"color":{"bM":0,"gM":0},"duration":5},{"curve":[0.5,0,0.5,1],"color":{"bM":0,"gM":0,"aM":71},"duration":5},{"curve":[0.5,0,0.5,1],"color":{"bM":0,"gM":0},"duration":5},{"curve":[0.5,0,0.5,1],"color":{"bM":0,"gM":0,"aM":71},"duration":3},{"color":{"bM":0,"gM":0,"aM":91},"duration":0}],"displayFrame":[],"name":"svet5b"},{"colorFrame":[{"curve":[0.5,0,0.5,1],"color":{"bM":0,"gM":0},"duration":1},{"curve":[0.5,0,0.5,1],"color":{"bM":0,"gM":0},"duration":5},{"curve":[0.5,0,0.5,1],"color":{"bM":0,"gM":0,"aM":63},"duration":5},{"curve":[0.5,0,0.5,1],"color":{"bM":0,"gM":0},"duration":5},{"curve":[0.5,0,0.5,1],"color":{"bM":0,"gM":0,"aM":63},"duration":4},{"color":{"bM":0,"gM":0,"aM":97},"duration":0}],"displayFrame":[],"name":"svet4b"},{"colorFrame":[{"curve":[0.5,0,0.5,1],"color":{"bM":0,"gM":0},"duration":4},{"curve":[0.5,0,0.5,1],"color":{"bM":0,"gM":0},"duration":5},{"curve":[0.5,0,0.5,1],"color":{"bM":0,"gM":0,"aM":46},"duration":5},{"curve":[0.5,0,0.5,1],"color":{"bM":0,"gM":0},"duration":5},{"curve":[0.5,0,0.5,1],"color":{"bM":0,"gM":0,"aM":46},"duration":1},{"color":{"bM":0,"gM":0,"aM":49},"duration":0}],"displayFrame":[],"name":"svet3b"},{"colorFrame":[{"curve":[0.5,0,0.5,1],"color":{"bM":0,"gM":0},"duration":3},{"curve":[0.5,0,0.5,1],"color":{"bM":0,"gM":0},"duration":5},{"curve":[0.5,0,0.5,1],"color":{"bM":0,"gM":0,"aM":38},"duration":5},{"curve":[0.5,0,0.5,1],"color":{"bM":0,"gM":0},"duration":5},{"curve":[0.5,0,0.5,1],"color":{"bM":0,"gM":0,"aM":38},"duration":2},{"color":{"bM":0,"gM":0,"aM":57},"duration":0}],"displayFrame":[],"name":"svet2b"},{"colorFrame":[{"curve":[0.5,0,0.5,1],"color":{"bM":0,"gM":0},"duration":5},{"curve":[0.5,0,0.5,1],"color":{"bM":0,"gM":0,"aM":35},"duration":5},{"curve":[0.5,0,0.5,1],"color":{"bM":0,"gM":0},"duration":5},{"curve":[0.5,0,0.5,1],"color":{"bM":0,"gM":0,"aM":35},"duration":5},{"color":{"bM":0,"gM":0},"duration":0}],"displayFrame":[],"name":"svet1b"},{"colorFrame":[],"displayFrame":[],"name":"chel1"},{"colorFrame":[],"displayFrame":[],"name":"chel1_觐镨"},{"colorFrame":[],"displayFrame":[],"name":"gen1_auto_dim"}],"duration":20,"ik":[],"bone":[{"translateFrame":[],"scaleFrame":[],"name":"root","rotateFrame":[]}],"playTimes":0,"name":"1"}],"type":"Armature","name":"Armature","aabb":{"width":531,"y":-406.70048771845137,"height":682.2004877184513,"x":-232.5},"bone":[{"name":"root","transform":{}}],"slot":[{"color":{},"name":"gen1_auto_dim","parent":"root"},{"z":1,"color":{},"name":"ten","parent":"root"},{"z":2,"color":{},"name":"baza","parent":"root"},{"z":3,"color":{},"name":"lampi_blue","parent":"root"},{"z":4,"color":{},"name":"svet5b","parent":"root"},{"z":5,"color":{},"name":"svet4b","parent":"root"},{"z":6,"color":{},"name":"svet3b","parent":"root"},{"z":7,"color":{},"name":"svet2b","parent":"root"},{"z":8,"color":{},"name":"svet1b","parent":"root"},{"z":9,"color":{},"name":"chel1","parent":"root"},{"z":10,"color":{},"name":"chel1_觐镨","parent":"root"}],"ik":[],"frameRate":24,"skin":[{"slot":[{"display":[{"triangles":[0,1,2,1,3,2],"width":187,"type":"mesh","vertices":[-93.5,-80,93.5,-80,-93.5,80,93.5,80],"transform":{"y":-230.5,"x":30},"uvs":[0,0,1,0,0,1,1,1],"path":"gen2_auto/svet5b","userEdges":[],"height":160,"name":"gen2_auto/svet5b","edges":[0,1,1,3,3,2,2,0]}],"name":"svet5b"},{"display":[{"triangles":[0,1,2,1,3,2],"width":48,"type":"mesh","vertices":[-24,-61,24,-61,-24,61,24,61],"transform":{"y":-72.5,"x":-103.5},"uvs":[0,0,1,0,0,1,1,1],"path":"gen2_auto/chel1_觐镨","userEdges":[],"height":122,"name":"gen2_auto/chel1_觐镨","edges":[0,1,1,3,3,2,2,0]}],"name":"chel1_觐镨"},{"display":[{"path":"gen2_auto/lampi_blue","type":"image","name":"gen2_auto/lampi_blue","transform":{"y":-58,"x":83}}],"name":"lampi_blue"},{"display":[{"triangles":[0,1,2,1,3,2],"width":303,"type":"mesh","vertices":[-151.5,-269,151.5,-269,-151.5,269,151.5,269],"transform":{"y":-137.7005,"x":88.9906},"uvs":[0,0,1,0,0,1,1,1],"path":"gen1_auto_dim","userEdges":[],"height":538,"name":"gen1_auto_dim","edges":[0,1,1,3,3,2,2,0]}],"name":"gen1_auto_dim"},{"display":[{"triangles":[0,1,2,1,3,2],"width":48,"type":"mesh","vertices":[-24,-61,24,-61,-24,61,24,61],"transform":{"y":115.5,"x":127.5},"uvs":[0,0,1,0,0,1,1,1],"path":"gen2_auto/chel1","userEdges":[],"height":122,"name":"gen2_auto/chel1","edges":[0,1,1,3,3,2,2,0]}],"name":"chel1"},{"display":[{"path":"gen2_auto/svet1b","type":"image","name":"gen2_auto/svet1b","transform":{"y":63.5,"x":-58.5}}],"name":"svet1b"},{"display":[{"triangles":[0,1,2,1,3,2],"width":55,"type":"mesh","vertices":[-27.5,-23,27.5,-23,-27.5,23,27.5,23],"transform":{"y":90.5,"x":-31},"uvs":[0,0,1,0,0,1,1,1],"path":"gen2_auto/svet2b","userEdges":[],"height":46,"name":"gen2_auto/svet2b","edges":[0,1,1,3,3,2,2,0]}],"name":"svet2b"},{"display":[{"path":"gen2_auto/ten","type":"image","name":"gen2_auto/ten","transform":{"y":170.5,"x":12}}],"name":"ten"},{"display":[{"triangles":[0,2,1,1,2,3],"width":288,"type":"mesh","vertices":[10,42.85,144,42,9.25,182.95,144,185],"transform":{"y":-78.5,"x":154.5},"uvs":[0.53472,0.61378,1,0.61351,0.53212,0.99446,1,1],"path":"gen2_auto/svet4b","userEdges":[],"height":370,"name":"gen2_auto/svet4b","edges":[0,1,1,3,3,2,2,0]}],"name":"svet4b"},{"display":[{"path":"gen2_auto/baza","type":"image","name":"gen2_auto/baza","transform":{"y":-4.5,"x":12}}],"name":"baza"},{"display":[{"triangles":[0,1,2,1,3,2],"width":66,"type":"mesh","vertices":[-33,-36.5,33,-36.5,-33,36.5,33,36.5],"transform":{"y":119,"x":-25.5},"uvs":[0,0,1,0,0,1,1,1],"path":"gen2_auto/svet3b","userEdges":[],"height":73,"name":"gen2_auto/svet3b","edges":[0,1,1,3,3,2,2,0]}],"name":"svet3b"}],"name":""}]}],"name":"Stancia_2","version":"5.5","isGlobal":0}