{"width":2048,"SubTexture":[{"width":303,"y":1,"height":538,"name":"gen1_auto_dim","x":476},{"width":489,"y":541,"height":210,"name":"gen2_auto/ten","x":775},{"width":473,"y":1,"height":542,"name":"gen2_auto/baza","x":1},{"width":297,"y":541,"height":385,"name":"gen2_auto/lampi_blue","x":476},{"width":187,"y":753,"height":160,"name":"gen2_auto/svet5b","x":775},{"width":288,"y":545,"height":370,"name":"gen2_auto/svet4b","x":1},{"width":66,"y":545,"height":73,"name":"gen2_auto/svet3b","x":391},{"width":55,"y":620,"height":46,"name":"gen2_auto/svet2b","x":391},{"width":48,"y":668,"height":48,"name":"gen2_auto/svet1b","x":391},{"width":48,"y":545,"height":122,"name":"gen2_auto/chel1","x":341},{"width":48,"y":545,"height":122,"name":"gen2_auto/chel1_觐镨","x":291}],"height":1024,"name":"Stancia_2","imagePath":"Stancia_2_tex.png"}