{"width":2048,"imagePath":"Krutilka_huilka_1,5_tex.png","height":2048,"name":"Krutilka_huilka_1,5","SubTexture":[{"width":400,"y":1353,"height":243,"name":"gen1_2 (1)/ten","x":560},{"width":496,"y":718,"height":633,"name":"gen1_2 (1)/baza","x":560},{"width":274,"y":1435,"height":322,"name":"gen1_2 (1)/svet_krutilka","x":1},{"width":219,"y":1759,"height":169,"name":"gen1_2 (1)/svet1","x":1},{"width":152,"y":1759,"height":129,"name":"gen1_2 (1)/svet2","x":222},{"width":119,"y":1890,"height":140,"name":"gen1_2 (1)/svet3","x":222},{"width":169,"y":1435,"height":269,"name":"gen1_2 (1)/krutilka","x":277},{"width":557,"y":718,"height":715,"name":"gen1_2 (1)/m4","x":1},{"width":557,"y":1,"height":715,"name":"gen1_2 (1)/m3","x":1119},{"width":557,"y":1,"height":715,"name":"gen1_2 (1)/m2","x":560},{"width":557,"y":1,"height":715,"name":"gen1_2 (1)/m1","x":1}]}