{"frameRate":24,"isGlobal":0,"name":"Krutilka_huilka_1,5","version":"5.5","armature":[{"defaultActions":[{"gotoAndPlay":"1"}],"type":"Armature","frameRate":24,"ik":[],"bone":[{"name":"root","transform":{}}],"slot":[{"color":{},"name":"ten","parent":"root"},{"z":1,"color":{},"name":"baza","parent":"root"},{"z":2,"color":{},"name":"svet_krutilka","parent":"root"},{"z":3,"color":{},"name":"svet1","parent":"root"},{"z":4,"color":{},"name":"svet2","parent":"root"},{"z":5,"color":{},"name":"svet3","parent":"root"},{"z":6,"color":{},"name":"krutilka","parent":"root"},{"z":7,"color":{},"name":"m4","parent":"root"},{"z":8,"color":{},"name":"m3","parent":"root"},{"z":9,"color":{},"name":"m2","parent":"root"},{"z":10,"color":{},"name":"m1","parent":"root"}],"animation":[{"slot":[{"colorFrame":[],"displayFrame":[],"name":"ten"},{"colorFrame":[],"displayFrame":[],"name":"baza"},{"colorFrame":[{"duration":4,"curve":[0.5,0,1,1]},{"duration":6,"curve":[0.5,0,1,1],"color":{"aM":50}},{"duration":6,"curve":[0.5,0,1,1]},{"duration":4,"curve":[0.5,0,1,1],"color":{"aM":44}},{"duration":0}],"displayFrame":[],"name":"svet_krutilka"},{"colorFrame":[{"duration":10,"curve":[0,0,0.5,1]},{"duration":10,"curve":[0,0,0.5,1],"color":{"aM":54}},{"duration":0}],"displayFrame":[],"name":"svet1"},{"colorFrame":[{"duration":6,"curve":[0.5,-1,0.4719101123595506,1.7326923076923075]},{"duration":8,"curve":[0.5,-1,0.4719101123595506,1.7326923076923075],"color":{"aM":50}},{"duration":6,"curve":[0.5,-1,0.4719101123595506,1.7326923076923075],"color":{"aM":65}},{"duration":0}],"displayFrame":[],"name":"svet2"},{"colorFrame":[{"duration":4,"curve":[0.45786516853932585,-1,0.4747191011235955,1.9057692307692307]},{"duration":4,"curve":[0.45786516853932585,-1,0.4747191011235955,1.9057692307692307],"color":{"aM":69}},{"duration":4,"curve":[0.45786516853932585,-1,0.4747191011235955,1.9057692307692307]},{"duration":4,"curve":[0.45786516853932585,-1,0.4747191011235955,1.9057692307692307],"color":{"aM":60}},{"duration":4,"curve":[0.45786516853932585,-1,0.4747191011235955,1.9057692307692307],"color":{"aM":35}},{"duration":0}],"displayFrame":[],"name":"svet3"},{"colorFrame":[],"displayFrame":[],"name":"krutilka"},{"colorFrame":[{"duration":14,"curve":[0.5,0,0.5,1],"color":{"aM":0}},{"duration":2,"curve":[0.5,0,0.5,1],"color":{"aM":0}},{"duration":2,"curve":[0.5,0,0.5,1]},{"duration":2,"curve":[0.5,0,0.5,1]},{"duration":0,"color":{"aM":0}}],"displayFrame":[],"name":"m4"},{"colorFrame":[{"duration":12,"curve":[0.5,0,0.5,1],"color":{"aM":0}},{"duration":2,"curve":[0.5,0,0.5,1],"color":{"aM":0}},{"duration":2,"curve":[0.5,0,0.5,1]},{"duration":2,"curve":[0.5,0,0.5,1]},{"duration":2,"curve":[0.5,0,0.5,1],"color":{"aM":0}},{"duration":0,"color":{"aM":0}}],"displayFrame":[],"name":"m3"},{"colorFrame":[{"duration":2,"curve":[0.5,0,0.5,1],"color":{"aM":0}},{"duration":2,"curve":[0.5,0,0.5,1],"color":{"aM":0}},{"duration":2,"curve":[0.5,0,0.5,1]},{"duration":2,"curve":[0.5,0,0.5,1]},{"duration":12,"curve":[0.5,0,0.5,1],"color":{"aM":0}},{"duration":0,"color":{"aM":0}}],"displayFrame":[],"name":"m2"},{"colorFrame":[{"duration":2,"curve":[0.5,0,0.5,1],"color":{"aM":0}},{"duration":2,"curve":[0.5,0,0.5,1]},{"duration":2,"curve":[0.5,0,0.5,1]},{"duration":14,"curve":[0.5,0,0.5,1],"color":{"aM":0}},{"duration":0,"color":{"aM":0}}],"displayFrame":[],"name":"m1"}],"frame":[],"playTimes":0,"bone":[{"translateFrame":[],"rotateFrame":[],"name":"root","scaleFrame":[]}],"ffd":[],"duration":20,"name":"1","ik":[]},{"slot":[{"colorFrame":[],"displayFrame":[],"name":"ten"},{"colorFrame":[],"displayFrame":[],"name":"baza"},{"colorFrame":[{"duration":0,"color":{"aM":0}}],"displayFrame":[],"name":"svet_krutilka"},{"colorFrame":[{"duration":0,"color":{"aM":0}}],"displayFrame":[],"name":"svet1"},{"colorFrame":[{"duration":0,"color":{"aM":35}}],"displayFrame":[],"name":"svet2"},{"colorFrame":[{"duration":0,"color":{"aM":0}}],"displayFrame":[],"name":"svet3"},{"colorFrame":[],"displayFrame":[],"name":"krutilka"},{"colorFrame":[{"duration":0,"color":{"aM":0}}],"displayFrame":[],"name":"m4"},{"colorFrame":[{"duration":0,"color":{"aM":0}}],"displayFrame":[],"name":"m3"},{"colorFrame":[{"duration":0,"color":{"aM":0}}],"displayFrame":[],"name":"m2"},{"colorFrame":[{"duration":0,"color":{"aM":0}}],"displayFrame":[],"name":"m1"}],"frame":[],"playTimes":0,"bone":[{"translateFrame":[],"rotateFrame":[],"name":"root","scaleFrame":[]}],"ffd":[],"duration":0,"name":"0","ik":[]}],"name":"Armature","aabb":{"width":557,"y":-357.5,"height":715,"x":-278.5},"skin":[{"name":"","slot":[{"display":[{"triangles":[1,0,3,0,2,3],"width":219,"edges":[0,1,1,3,3,2,2,0],"type":"mesh","vertices":[-109.5,-84.5,109.5,-84.5,-109.5,84.5,109.5,84.5],"transform":{"y":-100,"x":-12},"path":"gen1_2 (1)/svet1","userEdges":[],"height":169,"name":"gen1_2 (1)/svet1","uvs":[0,0,1,0,0,1,1,1]}],"name":"svet1"},{"display":[{"triangles":[1,0,3,0,2,3],"width":152,"edges":[0,1,1,3,3,2,2,0],"type":"mesh","vertices":[-76,-64.5,76,-64.5,-76,64.5,76,64.5],"transform":{"y":-41,"x":42.5},"path":"gen1_2 (1)/svet2","userEdges":[],"height":129,"name":"gen1_2 (1)/svet2","uvs":[0,0,1,0,0,1,1,1]}],"name":"svet2"},{"display":[{"triangles":[1,0,3,0,2,3],"width":119,"edges":[0,1,1,3,3,2,2,0],"type":"mesh","vertices":[-59.5,-70,59.5,-70,-59.5,70,59.5,70],"transform":{"y":236.5,"x":139},"path":"gen1_2 (1)/svet3","userEdges":[],"height":140,"name":"gen1_2 (1)/svet3","uvs":[0,0,1,0,0,1,1,1]}],"name":"svet3"},{"display":[{"path":"gen1_2 (1)/krutilka","type":"image","name":"gen1_2 (1)/krutilka","transform":{"y":134,"x":-145}}],"name":"krutilka"},{"display":[{"triangles":[1,0,3,0,2,3],"width":557,"edges":[0,1,1,3,3,2,2,0],"type":"mesh","vertices":[61.5,-357.5,201.5,-357.5,61.5,-60.45,201.5,-60.45],"transform":{},"path":"gen1_2 (1)/m4","userEdges":[],"height":715,"name":"gen1_2 (1)/m4","uvs":[0.61041,0,0.86176,0,0.61041,0.41545,0.86176,0.41545]}],"name":"m4"},{"display":[{"triangles":[1,0,3,0,2,3],"width":557,"edges":[0,1,1,3,3,2,2,0],"type":"mesh","vertices":[51.5,-357.5,210.5,-357.5,51.5,-38.2,210.5,-38.2],"transform":{},"path":"gen1_2 (1)/m3","userEdges":[],"height":715,"name":"gen1_2 (1)/m3","uvs":[0.59246,0,0.87792,0,0.59246,0.44657,0.87792,0.44657]}],"name":"m3"},{"display":[{"path":"gen1_2 (1)/ten","type":"image","name":"gen1_2 (1)/ten","transform":{"y":206,"x":3.5}}],"name":"ten"},{"display":[{"triangles":[1,0,3,0,2,3],"width":557,"edges":[0,1,1,3,3,2,2,0],"type":"mesh","vertices":[81.5,-357.5,191.5,-357.5,81.5,-46.1,191.5,-46.1],"transform":{},"path":"gen1_2 (1)/m2","userEdges":[],"height":715,"name":"gen1_2 (1)/m2","uvs":[0.64632,0,0.84381,0,0.64632,0.43552,0.84381,0.43552]}],"name":"m2"},{"display":[{"path":"gen1_2 (1)/baza","type":"image","name":"gen1_2 (1)/baza","transform":{"y":2,"x":-29.5}}],"name":"baza"},{"display":[{"triangles":[1,0,3,0,2,3],"width":557,"edges":[0,1,1,3,3,2,2,0],"type":"mesh","vertices":[52.5,-357.5,215.5,-357.5,52.5,-42.5,215.5,-42.5],"transform":{},"path":"gen1_2 (1)/m1","userEdges":[],"height":715,"name":"gen1_2 (1)/m1","uvs":[0.59425,0,0.88689,0,0.59425,0.44056,0.88689,0.44056]}],"name":"m1"},{"display":[{"triangles":[1,0,3,0,2,3],"width":274,"edges":[0,1,1,3,3,2,2,0],"type":"mesh","vertices":[-137,-161,137,-161,-137,161,137,161],"transform":{"y":64.5,"x":-141.5},"path":"gen1_2 (1)/svet_krutilka","userEdges":[],"height":322,"name":"gen1_2 (1)/svet_krutilka","uvs":[0,0,1,0,0,1,1,1]}],"name":"svet_krutilka"}]}]}]}