{"frameRate":24,"armature":[{"defaultActions":[{"gotoAndPlay":"0"}],"animation":[{"ffd":[],"frame":[],"slot":[{"colorFrame":[],"displayFrame":[],"name":"ten"},{"colorFrame":[],"displayFrame":[],"name":"baza"},{"colorFrame":[{"color":{"aM":56},"duration":0}],"displayFrame":[],"name":"svet3"},{"colorFrame":[{"color":{"aM":25},"duration":0}],"displayFrame":[],"name":"svet4"},{"colorFrame":[{"color":{"aM":35},"duration":0}],"displayFrame":[],"name":"svet2"},{"colorFrame":[{"color":{"aM":25},"duration":0}],"displayFrame":[],"name":"svet"},{"colorFrame":[],"displayFrame":[],"name":"krutilka"},{"colorFrame":[],"displayFrame":[],"name":"krutilka_觐镨"}],"duration":0,"ik":[],"bone":[{"translateFrame":[],"scaleFrame":[],"name":"root","rotateFrame":[]}],"playTimes":0,"name":"0"},{"ffd":[],"frame":[],"slot":[{"colorFrame":[],"displayFrame":[],"name":"ten"},{"colorFrame":[],"displayFrame":[],"name":"baza"},{"colorFrame":[{"curve":[0.5,0,0.5,1],"duration":4},{"curve":[0.5,0,0.5,1],"color":{"aM":44},"duration":6},{"curve":[0.5,0,0.5,1],"duration":6},{"curve":[0.5,0,0.5,1],"color":{"aM":52},"duration":4},{"duration":0}],"displayFrame":[],"name":"svet3"},{"colorFrame":[{"curve":[0.5,0,0.5,1],"duration":4},{"curve":[0.5,0,0.5,1],"color":{"aM":38},"duration":6},{"curve":[0.5,0,0.5,1],"duration":6},{"curve":[0.5,0,0.5,1],"color":{"aM":42},"duration":4},{"duration":0}],"displayFrame":[],"name":"svet4"},{"colorFrame":[{"curve":[0.5,0,0.5,1],"duration":4},{"curve":[0.5,0,0.5,1],"color":{"aM":40},"duration":6},{"curve":[0.5,0,0.5,1],"duration":6},{"curve":[0.5,0,0.5,1],"color":{"aM":54},"duration":4},{"duration":0}],"displayFrame":[],"name":"svet2"},{"colorFrame":[{"curve":[0.5,0,0.5,1],"duration":4},{"curve":[0.5,0,0.5,1],"color":{"aM":81},"duration":6},{"curve":[0.5,0,0.5,1],"duration":6},{"curve":[0.5,0,0.5,1],"color":{"aM":81},"duration":4},{"duration":0}],"displayFrame":[],"name":"svet"},{"colorFrame":[],"displayFrame":[],"name":"krutilka"},{"colorFrame":[],"displayFrame":[],"name":"krutilka_觐镨"}],"duration":20,"ik":[],"bone":[{"translateFrame":[],"scaleFrame":[],"name":"root","rotateFrame":[]}],"playTimes":0,"name":"1"}],"type":"Armature","name":"Armature","aabb":{"width":588,"y":-381.5,"height":727,"x":-303.5},"bone":[{"name":"root","transform":{}}],"slot":[{"color":{},"name":"ten","parent":"root"},{"z":1,"color":{},"name":"baza","parent":"root"},{"z":2,"color":{},"name":"svet3","parent":"root"},{"z":3,"color":{},"name":"svet4","parent":"root"},{"z":4,"color":{},"name":"svet2","parent":"root"},{"z":5,"color":{},"name":"svet","parent":"root"},{"z":6,"color":{},"name":"krutilka","parent":"root"},{"z":7,"color":{},"name":"krutilka_觐镨","parent":"root"}],"ik":[],"frameRate":24,"skin":[{"slot":[{"display":[{"path":"gen1_3/baza","type":"image","name":"gen1_3/baza","transform":{"y":2.5,"x":58.5}}],"name":"baza"},{"display":[{"path":"gen1_3/krutilka_觐镨","type":"image","name":"gen1_3/krutilka_觐镨","transform":{"y":224,"x":-53.5}}],"name":"krutilka_觐镨"},{"display":[{"triangles":[0,1,2,1,3,2],"width":136,"type":"mesh","vertices":[-68,-79.5,68,-79.5,-68,79.5,68,79.5],"transform":{"y":212,"x":174.5},"uvs":[0,0,1,0,0,1,1,1],"path":"gen1_3/svet2","userEdges":[],"height":159,"name":"gen1_3/svet2","edges":[0,1,1,3,3,2,2,0]}],"name":"svet2"},{"display":[{"path":"gen1_3/krutilka","type":"image","name":"gen1_3/krutilka","transform":{"y":164,"x":-178}}],"name":"krutilka"},{"display":[{"triangles":[0,1,2,1,3,2],"width":303,"type":"mesh","vertices":[-151.5,-214,151.5,-214,-151.5,214,151.5,214],"transform":{"y":38.5,"x":122},"uvs":[0,0,1,0,0,1,1,1],"path":"gen1_3/svet3","userEdges":[],"height":428,"name":"gen1_3/svet3","edges":[0,1,1,3,3,2,2,0]}],"name":"svet3"},{"display":[{"triangles":[0,1,2,1,3,2],"width":496,"type":"mesh","vertices":[-248,-216,248,-216,-248,216,248,216],"transform":{"y":-165.5,"x":-55.5},"uvs":[0,0,1,0,0,1,1,1],"path":"gen1_3/svet","userEdges":[],"height":432,"name":"gen1_3/svet","edges":[0,1,1,3,3,2,2,0]}],"name":"svet"},{"display":[{"path":"gen1_3/ten","type":"image","name":"gen1_3/ten","transform":{"y":233,"x":36}}],"name":"ten"},{"display":[{"triangles":[0,1,2,1,3,2],"width":267,"type":"mesh","vertices":[-133.5,-118,133.5,-118,-133.5,118,133.5,118],"transform":{"y":-232.5,"x":125},"uvs":[0,0,1,0,0,1,1,1],"path":"gen1_3/svet4","userEdges":[],"height":236,"name":"gen1_3/svet4","edges":[0,1,1,3,3,2,2,0]}],"name":"svet4"}],"name":""}]}],"name":"Krutilka_huilka_2","version":"5.5","isGlobal":0}