{"width":2048,"SubTexture":[{"width":497,"y":435,"height":225,"name":"gen1_3/ten","x":740},{"width":432,"y":1,"height":664,"name":"gen1_3/baza","x":1},{"width":303,"y":435,"height":428,"name":"gen1_3/svet3","x":435},{"width":267,"y":667,"height":236,"name":"gen1_3/svet4","x":1},{"width":136,"y":667,"height":159,"name":"gen1_3/svet2","x":270},{"width":496,"y":1,"height":432,"name":"gen1_3/svet","x":435},{"width":187,"y":662,"height":297,"name":"gen1_3/krutilka","x":740},{"width":130,"y":828,"height":87,"name":"gen1_3/krutilka_觐镨","x":270}],"height":1024,"name":"Krutilka_huilka_2","imagePath":"Krutilka_huilka_2_tex.png"}