{"width":2048,"height":1024,"name":"Stancia_1","SubTexture":[{"width":303,"y":1,"height":538,"name":"gen1_auto_dim","x":883},{"width":458,"y":541,"height":250,"name":"gen1_auto/ten","x":883},{"width":438,"y":1,"height":558,"name":"gen1_auto/baza_0","x":443},{"width":440,"y":1,"height":558,"name":"gen1_auto/baza","x":1},{"width":218,"y":541,"height":218,"name":"gen1_auto/svet4","x":1343},{"width":164,"y":761,"height":143,"name":"gen1_auto/svet3","x":1511},{"width":140,"y":761,"height":132,"name":"gen1_auto/svet2","x":1677},{"width":166,"y":761,"height":169,"name":"gen1_auto/svet1","x":1343},{"width":48,"y":895,"height":122,"name":"gen1_auto/chel1","x":1727},{"width":48,"y":895,"height":122,"name":"gen1_auto/chel2","x":1677}],"imagePath":"Stancia_1_tex.png"}