{"frameRate":24,"isGlobal":0,"armature":[{"ik":[],"defaultActions":[{"gotoAndPlay":"0"}],"type":"Armature","frameRate":24,"slot":[{"name":"gen1_auto_dim","parent":"root","color":{}},{"z":1,"name":"ten","parent":"root","color":{}},{"z":2,"name":"baza_0","parent":"root","color":{}},{"z":3,"name":"baza","parent":"root","color":{}},{"z":4,"name":"svet4","parent":"root","color":{}},{"z":5,"name":"svet3","parent":"root","color":{}},{"z":6,"name":"svet2","parent":"root","color":{}},{"z":7,"name":"svet1","parent":"root","color":{}},{"z":8,"name":"chel1","parent":"root","color":{}},{"z":9,"name":"chel2","parent":"root","color":{}}],"skin":[{"name":"","slot":[{"display":[{"width":303,"triangles":[0,1,2,1,3,2],"type":"mesh","vertices":[-151.5,-269,151.5,-269,-151.5,269,151.5,269],"transform":{"y":-50.5423,"x":175.2132},"userEdges":[],"path":"gen1_auto_dim","height":538,"name":"gen1_auto_dim","uvs":[0,0,1,0,0,1,1,1],"edges":[0,1,1,3,3,2,2,0]}],"name":"gen1_auto_dim"},{"display":[{"width":140,"triangles":[1,0,3,0,2,3],"type":"mesh","vertices":[-70,-66,70,-66,-70,66,70,66],"transform":{"y":-76.5,"x":116.5},"userEdges":[],"path":"gen1_auto/svet2","height":132,"name":"gen1_auto/svet2","uvs":[0,0,1,0,0,1,1,1],"edges":[0,1,1,3,3,2,2,0]}],"name":"svet2"},{"display":[{"path":"gen1_auto/baza","type":"image","name":"gen1_auto/baza","transform":{"y":20.5,"x":-7.5}}],"name":"baza"},{"display":[{"path":"gen1_auto/baza_0","type":"image","name":"gen1_auto/baza_0","transform":{"y":19.5,"x":-7.5}}],"name":"baza_0"},{"display":[{"width":166,"triangles":[1,0,3,0,2,3],"type":"mesh","vertices":[-83,-84.5,83,-84.5,-83,84.5,83,84.5],"transform":{"y":9,"x":116.5},"userEdges":[],"path":"gen1_auto/svet1","height":169,"name":"gen1_auto/svet1","uvs":[0,0,1,0,0,1,1,1],"edges":[0,1,1,3,3,2,2,0]}],"name":"svet1"},{"display":[{"width":164,"triangles":[1,0,3,0,2,3],"type":"mesh","vertices":[-82,-71.5,82,-71.5,-82,71.5,82,71.5],"transform":{"y":-218,"x":15.5},"userEdges":[],"path":"gen1_auto/svet3","height":143,"name":"gen1_auto/svet3","uvs":[0,0,1,0,0,1,1,1],"edges":[0,1,1,3,3,2,2,0]}],"name":"svet3"},{"display":[{"width":48,"triangles":[1,0,3,0,2,3],"type":"mesh","vertices":[-24,-61,24,-61,-24,61,24,61],"transform":{"y":162.5,"x":232.5},"userEdges":[],"path":"gen1_auto/chel1","height":122,"name":"gen1_auto/chel1","uvs":[0,0,1,0,0,1,1,1],"edges":[0,1,1,3,3,2,2,0]}],"name":"chel1"},{"display":[{"width":218,"triangles":[1,0,3,0,2,3],"type":"mesh","vertices":[-109,-109,109,-109,-109,109,109,109],"transform":{"y":-201.5,"x":-167.5},"userEdges":[],"path":"gen1_auto/svet4","height":218,"name":"gen1_auto/svet4","uvs":[0,0,1,0,0,1,1,1],"edges":[0,1,1,3,3,2,2,0]}],"name":"svet4"},{"display":[{"width":48,"triangles":[1,0,3,0,2,3],"type":"mesh","vertices":[-24,-61,24,-61,-24,61,24,61],"transform":{"y":168.5,"x":-218.5},"userEdges":[],"path":"gen1_auto/chel2","height":122,"name":"gen1_auto/chel2","uvs":[0,0,1,0,0,1,1,1],"edges":[0,1,1,3,3,2,2,0]}],"name":"chel2"},{"display":[{"path":"gen1_auto/ten","type":"image","name":"gen1_auto/ten","transform":{"y":185.5,"x":-14.5}}],"name":"ten"}]}],"animation":[{"ik":[],"playTimes":0,"bone":[{"translateFrame":[],"scaleFrame":[],"rotateFrame":[],"name":"root"}],"duration":20,"frame":[],"name":"0","slot":[{"displayFrame":[],"name":"ten","colorFrame":[]},{"displayFrame":[],"name":"baza_0","colorFrame":[]},{"displayFrame":[],"name":"baza","colorFrame":[]},{"displayFrame":[],"name":"svet4","colorFrame":[{"duration":4,"curve":[1,-0.9807162534435264,0,1.9916434540389973],"color":{"aM":20}},{"duration":10,"curve":[1,-0.9807162534435264,0,1.9916434540389973],"color":{"aM":20}},{"duration":6,"curve":[1,-0.9807162534435264,0,1.9916434540389973]},{"duration":0,"color":{"aM":5}}]},{"displayFrame":[],"name":"svet3","colorFrame":[{"duration":10,"curve":[1,-0.9807162534435264,0,1.9916434540389973],"color":{"aM":20}},{"duration":10,"curve":[1,-0.9807162534435264,0,1.9916434540389973]},{"duration":0,"color":{"aM":20}}]},{"displayFrame":[],"name":"svet2","colorFrame":[{"duration":2,"curve":[1,-0.9807162534435264,0,1.9916434540389973]},{"duration":10,"curve":[1,-0.9807162534435264,0,1.9916434540389973]},{"duration":8,"curve":[1,-0.9807162534435264,0,1.9916434540389973],"color":{"aM":21}},{"duration":0,"color":{"aM":112}}]},{"displayFrame":[],"name":"svet1","colorFrame":[{"duration":7,"curve":[1,-0.9807162534435264,0,1.9916434540389973]},{"duration":10,"curve":[1,-0.9807162534435264,0,1.9916434540389973]},{"duration":3,"curve":[1,-0.9807162534435264,0,1.9916434540389973],"color":{"aM":21}},{"duration":0,"color":{"aM":5}}]},{"displayFrame":[],"name":"chel1","colorFrame":[]},{"displayFrame":[],"name":"chel2","colorFrame":[]},{"displayFrame":[],"name":"gen1_auto_dim","colorFrame":[]}],"ffd":[{"frame":[{"duration":4,"curve":[0,0,0.5,1],"offset":0,"vertices":[]},{"duration":4,"curve":[0,0,0.5,1],"offset":1,"vertices":[-19.4,0,-19.4,0,0,0,0]},{"duration":2,"curve":[0,0,0.5,1],"offset":0,"vertices":[]},{"duration":2,"curve":[0,0,0.5,1],"offset":0,"vertices":[-57.7,12.75,-67.45,-5.95,0,0,0,0]},{"duration":4,"offset":0,"vertices":[-57.7,12.75,-67.45,-5.95,-33.8,0,-33.8,0],"tweenEasing":0},{"duration":2,"offset":0,"vertices":[-12.3,-11.25,-22.1,-9.8,-33.8,0,-33.8,0],"tweenEasing":0},{"duration":2,"offset":0,"vertices":[-57.7,12.75,-67.45,-5.95,-33.8,0,-33.8,0],"tweenEasing":0},{"duration":0,"offset":0,"vertices":[],"tweenEasing":null}],"scale":1,"slot":"chel1","offset":0,"skin":"","name":"gen1_auto/chel1"},{"frame":[{"duration":4,"curve":[0,0,0.5,1],"offset":0,"vertices":[26.85,-19.8,26.85,-19.8,26.85,-3.35,26.85,-3.35]},{"duration":4,"curve":[0,0,0.5,1],"offset":1,"vertices":[-16.45,0,-16.45,0,0,0,0]},{"duration":4,"curve":[0,0,0.5,1],"offset":0,"vertices":[]},{"duration":2,"curve":[0,0,0.5,1],"offset":1,"vertices":[-16.45,0,-16.45,0,0,0,0]},{"duration":2,"curve":[0,0,0.5,1],"offset":0,"vertices":[41.3,-23.8,41.3,-23.8,33.65,-6.25,33.65,-6.25]},{"duration":4,"curve":[0,0,0.5,1],"offset":0,"vertices":[25.95,-4,25.95,-4,25.95,-4,25.95,-4]},{"duration":0,"offset":0,"vertices":[26.85,-19.8,26.85,-19.8,26.85,-3.35,26.85,-3.35],"tweenEasing":null}],"scale":1,"slot":"chel2","offset":0,"skin":"","name":"gen1_auto/chel2"}]},{"ik":[],"playTimes":0,"bone":[{"translateFrame":[],"scaleFrame":[],"rotateFrame":[],"name":"root"}],"duration":20,"frame":[],"name":"1","slot":[{"displayFrame":[],"name":"ten","colorFrame":[]},{"displayFrame":[],"name":"baza_0","colorFrame":[]},{"displayFrame":[],"name":"baza","colorFrame":[]},{"displayFrame":[],"name":"svet4","colorFrame":[{"duration":5,"curve":[0.8455056179775281,-0.7730769230769231,0.1657303370786517,1.6865384615384613],"color":{"gM":0,"bM":0,"aM":0}},{"duration":5,"curve":[0.8455056179775281,-0.7730769230769231,0.1657303370786517,1.6865384615384613],"color":{"gM":0,"bM":0}},{"duration":5,"curve":[0.8455056179775281,-0.7730769230769231,0.1657303370786517,1.6865384615384613],"color":{"gM":0,"bM":0,"aM":0}},{"duration":5,"curve":[0.8455056179775281,-0.7730769230769231,0.1657303370786517,1.6865384615384613],"color":{"gM":0,"bM":0}},{"duration":0,"color":{"gM":0,"bM":0,"aM":0}}]},{"displayFrame":[],"name":"svet3","colorFrame":[{"duration":5,"curve":[0.8455056179775281,-0.7730769230769231,0.1657303370786517,1.6865384615384613],"color":{"gM":0,"bM":1,"aM":0}},{"duration":5,"curve":[0.8455056179775281,-0.7730769230769231,0.1657303370786517,1.6865384615384613],"color":{"gM":0,"bM":1}},{"duration":5,"curve":[0.8455056179775281,-0.7730769230769231,0.1657303370786517,1.6865384615384613],"color":{"gM":0,"bM":1,"aM":0}},{"duration":5,"curve":[0.8455056179775281,-0.7730769230769231,0.1657303370786517,1.6865384615384613],"color":{"gM":0,"bM":1}},{"duration":0,"color":{"gM":0,"bM":1,"aM":0}}]},{"displayFrame":[],"name":"svet2","colorFrame":[{"duration":5,"curve":[0.8455056179775281,-0.7730769230769231,0.1657303370786517,1.6865384615384613],"color":{"gM":0,"bM":0,"aM":0}},{"duration":5,"curve":[0.8455056179775281,-0.7730769230769231,0.1657303370786517,1.6865384615384613],"color":{"gM":0,"bM":0}},{"duration":5,"curve":[0.8455056179775281,-0.7730769230769231,0.1657303370786517,1.6865384615384613],"color":{"gM":0,"bM":0,"aM":0}},{"duration":5,"curve":[0.8455056179775281,-0.7730769230769231,0.1657303370786517,1.6865384615384613],"color":{"gM":0,"bM":0}},{"duration":0,"color":{"gM":0,"bM":0,"aM":0}}]},{"displayFrame":[],"name":"svet1","colorFrame":[{"duration":5,"curve":[0.8455056179775281,-0.7730769230769231,0.1657303370786517,1.6865384615384613],"color":{"gM":0,"bM":0,"aM":0}},{"duration":5,"curve":[0.8455056179775281,-0.7730769230769231,0.1657303370786517,1.6865384615384613],"color":{"gM":0,"bM":0}},{"duration":5,"curve":[0.8455056179775281,-0.7730769230769231,0.1657303370786517,1.6865384615384613],"color":{"gM":0,"bM":0,"aM":0}},{"duration":5,"curve":[0.8455056179775281,-0.7730769230769231,0.1657303370786517,1.6865384615384613],"color":{"gM":0,"bM":0}},{"duration":0,"color":{"gM":0,"bM":0,"aM":0}}]},{"displayFrame":[],"name":"chel1","colorFrame":[]},{"displayFrame":[],"name":"chel2","colorFrame":[]},{"displayFrame":[],"name":"gen1_auto_dim","colorFrame":[]}],"ffd":[{"frame":[{"duration":3,"curve":[1,-0.964769647696477,0,1.8310666137985725],"offset":0,"vertices":[-2.55,33.75,-2.55,33.75,0,0,0,0]},{"duration":4,"curve":[1,-0.964769647696477,0,1.8310666137985725],"offset":0,"vertices":[-2.15,23.1,-2.15,23.1,0,0,0,0]},{"duration":6,"curve":[1,-0.964769647696477,0,1.8310666137985725],"offset":0,"vertices":[0.86,24.87,0.86,24.87,0,0,0,0]},{"duration":4,"curve":[1,-0.964769647696477,0,1.8310666137985725],"offset":0,"vertices":[3.87,30.25,3.87,30.25,0,0,0,0]},{"duration":3,"curve":[1,-0.964769647696477,0,1.8310666137985725],"offset":0,"vertices":[3.43,28.83,3.43,28.83,0,0,0,0]},{"duration":0,"offset":0,"vertices":[-2.55,33.75,-2.55,33.75,0,0,0,0],"tweenEasing":null}],"scale":1,"slot":"chel1","offset":0,"skin":"","name":"gen1_auto/chel1"},{"frame":[{"duration":2,"curve":[1,-0.94394010262016,0,1.9544235924932978],"offset":0,"vertices":[]},{"duration":1,"curve":[1,-0.94394010262016,0,1.9544235924932978],"offset":0,"vertices":[50.75,0,50.75,0,50.75,0,50.75,0]},{"duration":5,"curve":[1,-0.94394010262016,0,1.9544235924932978],"offset":0,"vertices":[87.21,0,-14.47,-0.05,87.21,0,-14.47,-0.05]},{"duration":1,"curve":[1,-0.94394010262016,0,1.9544235924932978],"offset":0,"vertices":[45.9,0,-52.85,0,45.9,0,-52.85,0]},{"duration":4,"curve":[1,-0.94394010262016,0,1.9544235924932978],"offset":0,"vertices":[]},{"duration":1,"curve":[1,-0.94394010262016,0,1.9544235924932978],"offset":0,"vertices":[50.75,0,50.75,0,50.75,0,50.75,0]},{"duration":5,"curve":[1,-0.94394010262016,0,1.9544235924932978],"offset":0,"vertices":[87.21,0,-14.47,-0.05,87.21,0,-14.47,-0.05]},{"duration":1,"curve":[1,-0.94394010262016,0,1.9544235924932978],"offset":0,"vertices":[51.65,0,-47.1,0,51.65,0,-47.1,0]},{"duration":0,"offset":0,"vertices":[],"tweenEasing":null}],"scale":1,"slot":"chel2","offset":0,"skin":"","name":"gen1_auto/chel2"},{"frame":[{"duration":4,"curve":[0.5,0,0.5,1],"offset":0,"vertices":[]},{"duration":6,"curve":[0.5,0,0.5,1],"offset":2,"vertices":[-46.75,-21.9,10.3,-1.9,-39,-51.2]},{"duration":6,"curve":[0.5,0,0.5,1],"offset":2,"vertices":[34.53,-78.64,0,0,0,0]},{"duration":4,"curve":[0.5,0,0.5,1],"offset":2,"vertices":[19.41,-20.87,0,0,-57,-38.95]},{"duration":0,"offset":0,"vertices":[],"tweenEasing":null}],"scale":1,"slot":"gen1_auto_dim","offset":0,"skin":"","name":"gen1_auto_dim"}]}],"aabb":{"width":603.2131930779029,"y":-319.5422672340113,"height":630.0422672340113,"x":-276.5},"bone":[{"name":"root","transform":{}}],"name":"Armature"}],"name":"Stancia_1","version":"5.5"}